{"q loss": 20.76146125793457, "_timestamp": 1713698075.6254716, "_runtime": 8.813634634017944, "_step": 9, "pi loss": 2.539355754852295, "_wandb": {"runtime": 7}}