{"score per 5 epi": -15.76271186440673, "_timestamp": 1713684744.1560426, "_runtime": 22.64530658721924, "_step": 1, "q loss": 3.9144020080566406, "_wandb": {"runtime": 16}}