{"q loss": NaN, "_timestamp": 1713596777.7810571, "_runtime": 8.641648054122925, "_step": 1, "_wandb": {"runtime": 7}}