{"q loss": 6.580942153930664, "_timestamp": 1713627386.0213733, "_runtime": 8.418407201766968, "_step": 1, "pi loss": -1.2656688690185547, "_wandb": {"runtime": 7}}