{"q loss": 4.6199445724487305, "_timestamp": 1713627096.6090457, "_runtime": 13.025050640106201, "_step": 1, "pi loss": -0.6275005340576172, "_wandb": {"runtime": 12}}