{"q loss": 4.472430229187012, "_timestamp": 1713697619.5502672, "_runtime": 15.475975275039673, "_step": 58, "pi loss": -2.007620334625244, "score per 5 epi": -15.847750865051836, "_wandb": {"runtime": 13}}